source,Meand13C,SDd13C,Meand15N,SDd15N,Meand34S,SDd34S,n,Concd13C,Concd15N,Concd34S
SPOM,-16.8,0.80713485,3.5225,0.198725103,8.7825,9.808045592,2,13,1.1,0.7
Red Mangrove,-26.52142857,0.822342763,1.311428571,2.477710156,-9.254285714,2.681379354,4,43.4,0.9,1
Epiphytic microalgae,-13.08142857,5.418515875,4.192857143,1.49380626,11.572,3.589438675,2,11.3,0.8,0.5
Seagrass,-9.7,0.8,2.7,2.2,3.3,6,15,30.2,1.8,1.2
