source,Meand13C,SDd13C,Meand15N,SDd15N,Meand34S,SDd34S,n
Sawgrass,-26.2,1.0,1.0,4.3,16.8,2.6,6.0
Periphyton,-25.9,1.1,4.0,0.7,21.5,5.4,5.0
Floc,-28.9,2.5,3.1,1.2,20.6,5.0,5.0
Phytoplankton,-35.45,3.040559159,6,1.327905619,24.5,2.121320344,2.0
